{
  "project_info": {
    "project_number": "677171206220",
    "firebase_url": "https://apptcsvn-16b4b.firebaseio.com",
    "project_id": "apptcsvn-16b4b",
    "storage_bucket": "apptcsvn-16b4b.appspot.com"
  },
  "client": [
    {
      "client_info": {
        "mobilesdk_app_id": "1:677171206220:android:1d4aa1aae524d576",
        "android_client_info": {
          "package_name": "vn.app.tcs"
        }
      },
      "oauth_client": [
        {
          "client_id": "677171206220-gm1bs1a7tbtjurr305q50fqsv08jg90q.apps.googleusercontent.com",
          "client_type": 3
        }
      ],
      "api_key": [
        {
          "current_key": "AIzaSyDOMg_dR4IOJpFLzqrqMU_lwmpyJUS558Y"
        }
      ],
      "services": {
        "appinvite_service": {
          "other_platform_oauth_client": [
            {
              "client_id": "677171206220-gm1bs1a7tbtjurr305q50fqsv08jg90q.apps.googleusercontent.com",
              "client_type": 3
            },
            {
              "client_id": "677171206220-bccaq7gfgdcn3io0qsem92n739rbs94e.apps.googleusercontent.com",
              "client_type": 2,
              "ios_info": {
                "bundle_id": "vn.app.tcs"
              }
            }
          ]
        }
      }
    }
  ],
  "configuration_version": "1"
}