{
  "project_info": {
    "project_number": "794023713064",
    "firebase_url": "https://timcasi-178e5.firebaseio.com",
    "project_id": "timcasi-178e5",
    "storage_bucket": "timcasi-178e5.appspot.com"
  },
  "client": [
    {
      "client_info": {
        "mobilesdk_app_id": "1:794023713064:android:1d4aa1aae524d576",
        "android_client_info": {
          "package_name": "vn.app.tcs"
        }
      },
      "oauth_client": [
        {
          "client_id": "794023713064-jcuo1d4fr3mr8trf32vo2o3t81nomnpc.apps.googleusercontent.com",
          "client_type": 3
        }
      ],
      "api_key": [
        {
          "current_key": "AIzaSyDdpUUH6bv0IXDOIR1g0RVCxMPMBtWxKSk"
        }
      ],
      "services": {
        "appinvite_service": {
          "other_platform_oauth_client": [
            {
              "client_id": "794023713064-jcuo1d4fr3mr8trf32vo2o3t81nomnpc.apps.googleusercontent.com",
              "client_type": 3
            },
            {
              "client_id": "794023713064-k03497pmga6h1jaqqli2giic44ilqv3g.apps.googleusercontent.com",
              "client_type": 2,
              "ios_info": {
                "bundle_id": "vn.app.tcs"
              }
            }
          ]
        }
      }
    }
  ],
  "configuration_version": "1"
}